Date,Time,Code,Dvalue,Price,FinalDate,Notes
25-02-2022,08:31:21,codeSC12,0.93,196.45,25-Feb-22,
25-02-2022,08:31:21,codeSC13,0.93,191.5,25-Feb-22,
25-02-2022,08:31:21,codeSC14,0.92,186.55,25-Feb-22,
25-02-2022,08:31:21,codeSC15,0.92,181.6,25-Feb-22,
25-02-2022,08:31:21,codeSC16,0.92,176.65,25-Feb-22,
25-02-2022,08:31:21,codeSC17,0.93,171.15,25-Feb-22,
25-02-2022,08:31:21,codeSC18,0.93,166,25-Feb-22,
25-02-2022,08:31:21,codeSC19,0.94,160.55,25-Feb-22,
25-02-2022,08:31:21,codeSC20,0.94,155.65,25-Feb-22,
25-02-2022,08:31:21,codeSC21,0.93,150.75,25-Feb-22,
25-02-2022,08:31:21,codeSC22,0.91,146.5,25-Feb-22,
25-02-2022,08:31:21,codeSC23,0.92,141.05,25-Feb-22,
25-02-2022,08:31:21,codeSC24,0.94,135.45,25-Feb-22,
25-02-2022,08:31:21,codeSC25,0.89,132,25-Feb-22,
25-02-2022,08:31:21,codeSC26,0.88,127.2,25-Feb-22,
25-02-2022,08:31:21,codeSC27,0.88,122.3,25-Feb-22,
25-02-2022,08:31:21,codeSC28,0.88,117.15,25-Feb-22,
25-02-2022,08:31:21,codeSC29,0.88,111.8,25-Feb-22,
25-02-2022,08:31:21,codeSC30,0.85,108.15,25-Feb-22,
25-02-2022,08:31:21,codeSC31,0.85,103.15,25-Feb-22,
25-02-2022,08:31:21,codeSC32,0.83,98.55,25-Feb-22,
25-02-2022,08:31:21,codeSC33,0.84,92.9,25-Feb-22,
25-02-2022,08:31:22,codeSC34,0.82,88.5,25-Feb-22,
25-02-2022,08:31:22,codeSC35,0.81,84.2,25-Feb-22,
25-02-2022,08:31:22,codeSC36,0.79,79.95,25-Feb-22,
25-02-2022,08:31:22,codeSC37,0.76,76.5,25-Feb-22,
25-02-2022,08:31:22,codeSC38,0.74,72.2,25-Feb-22,
25-02-2022,08:31:22,codeSC39,0.74,67.05,25-Feb-22,
25-02-2022,08:31:22,codeSC40,0.72,62.4,25-Feb-22,
25-02-2022,08:31:22,codeSC41,0.7,58.15,25-Feb-22,
25-02-2022,08:31:22,codeSC42,0.68,54.2,25-Feb-22,
25-02-2022,08:31:22,codeSC43,0.66,50.3,25-Feb-22,
25-02-2022,08:31:22,codeSC44,0.63,46.65,25-Feb-22,
25-02-2022,08:31:22,codeSC45,0.61,42.5,25-Feb-22,
25-02-2022,08:31:22,codeSC46,0.58,38.85,25-Feb-22,
25-02-2022,08:31:22,codeSC47,0.55,35.7,25-Feb-22,
25-02-2022,08:31:22,codeSC48,0.53,32.8,25-Feb-22,
25-02-2022,08:31:22,codeSC49,0.5,29.45,25-Feb-22,
25-02-2022,08:31:22,codeSC50,0.47,26.8,25-Feb-22,
25-02-2022,08:31:22,codeSC51,0.44,23.8,25-Feb-22,
25-02-2022,08:31:22,codeSC52,0.41,21.45,25-Feb-22,
25-02-2022,08:31:22,codeSC53,0.38,19.1,25-Feb-22,
25-02-2022,08:31:22,codeSC54,0.35,16.9,25-Feb-22,
25-02-2022,08:31:22,codeSC55,0.32,14.85,25-Feb-22,
25-02-2022,08:31:22,codeSC56,0.29,13.2,25-Feb-22,
25-02-2022,08:31:22,codeSC57,0.27,11.45,25-Feb-22,
25-02-2022,08:31:22,codeSC58,0.24,9.75,25-Feb-22,
25-02-2022,08:31:22,codeSC59,0.21,8.55,25-Feb-22,
25-02-2022,08:31:22,codeSC60,0.19,7.35,25-Feb-22,
25-02-2022,08:31:22,codeSC61,0.17,6.3,25-Feb-22,
25-02-2022,08:31:22,codeSC62,0.15,5.15,25-Feb-22,
25-02-2022,08:31:22,codeSC63,0.13,4.35,25-Feb-22,
25-02-2022,08:31:22,codeSC64,0.12,3.85,25-Feb-22,
25-02-2022,08:31:22,codeSC65,0.1,2.975,25-Feb-22,
25-02-2022,08:31:22,codeSC66,0.08,2.425,25-Feb-22,
25-02-2022,08:31:22,codeSC67,0.07,1.975,25-Feb-22,
25-02-2022,08:31:22,codeSC68,0.06,1.525,25-Feb-22,
25-02-2022,08:31:22,codeSC69,0.05,1.2,25-Feb-22,
25-02-2022,08:31:22,codeSC70,0.04,0.95,25-Feb-22,
25-02-2022,08:31:22,codeSC71,0.03,0.725,25-Feb-22,
25-02-2022,08:31:22,codeSC72,0.02,0.55,25-Feb-22,
25-02-2022,08:31:22,codeSC73,0.02,0.5,25-Feb-22,
25-02-2022,08:31:22,codeSC74,0.02,0.35,25-Feb-22,
25-02-2022,08:31:22,codeSP12,-0.01,0.3,25-Feb-22,
25-02-2022,08:31:22,codeSP13,-0.01,0.35,25-Feb-22,
25-02-2022,08:31:22,codeSP14,-0.01,0.35,25-Feb-22,
25-02-2022,08:31:22,codeSP15,-0.02,0.45,25-Feb-22,
25-02-2022,08:31:22,codeSP16,-0.02,0.5,25-Feb-22,
25-02-2022,08:31:23,codeSP17,-0.02,0.525,25-Feb-22,
25-02-2022,08:31:23,codeSP18,-0.02,0.625,25-Feb-22,
25-02-2022,08:31:23,codeSP19,-0.03,0.7,25-Feb-22,
25-02-2022,08:31:23,codeSP20,-0.03,0.8,25-Feb-22,
25-02-2022,08:31:23,codeSP21,-0.03,0.925,25-Feb-22,
25-02-2022,08:31:23,codeSP22,-0.04,1,25-Feb-22,
25-02-2022,08:31:23,codeSP23,-0.04,1.225,25-Feb-22,
25-02-2022,08:31:23,codeSP24,-0.05,1.325,25-Feb-22,
25-02-2022,08:31:23,codeSP25,-0.05,1.55,25-Feb-22,
25-02-2022,08:31:23,codeSP26,-0.06,1.825,25-Feb-22,
25-02-2022,08:31:23,codeSP27,-0.07,2.075,25-Feb-22,
25-02-2022,08:31:23,codeSP28,-0.08,2.35,25-Feb-22,
25-02-2022,08:31:23,codeSP29,-0.08,2.525,25-Feb-22,
25-02-2022,08:31:23,codeSP30,-0.1,3.025,25-Feb-22,
25-02-2022,08:31:23,codeSP31,-0.11,3.4,25-Feb-22,
25-02-2022,08:31:23,codeSP32,-0.12,3.65,25-Feb-22,
25-02-2022,08:31:23,codeSP33,-0.13,4.15,25-Feb-22,
25-02-2022,08:31:23,codeSP34,-0.15,4.7,25-Feb-22,
25-02-2022,08:31:23,codeSP35,-0.16,5.15,25-Feb-22,
25-02-2022,08:31:23,codeSP36,-0.18,5.75,25-Feb-22,
25-02-2022,08:31:23,codeSP37,-0.2,6.25,25-Feb-22,
25-02-2022,08:31:23,codeSP38,-0.22,7.15,25-Feb-22,
25-02-2022,08:31:23,codeSP39,-0.24,7.7,25-Feb-22,
25-02-2022,08:31:23,codeSP40,-0.27,8.65,25-Feb-22,
25-02-2022,08:31:23,codeSP41,-0.29,9.5,25-Feb-22,
25-02-2022,08:31:23,codeSP42,-0.32,10.6,25-Feb-22,
25-02-2022,08:31:23,codeSP43,-0.36,11.65,25-Feb-22,
25-02-2022,08:31:23,codeSP44,-0.39,12.9,25-Feb-22,
25-02-2022,08:31:23,codeSP45,-0.43,14.15,25-Feb-22,
25-02-2022,08:31:23,codeSP46,-0.48,15.6,25-Feb-22,
25-02-2022,08:31:23,codeSP47,-0.53,17.2,25-Feb-22,
25-02-2022,08:31:23,codeSP48,-0.58,18.85,25-Feb-22,
25-02-2022,08:31:23,codeSP49,-0.65,20.9,25-Feb-22,
25-02-2022,08:31:23,codeSP50,-0.73,23,25-Feb-22,
25-02-2022,08:31:23,codeSP51,-0.83,25.25,25-Feb-22,
25-02-2022,08:31:23,codeSP52,-1,27.75,25-Feb-22,
25-02-2022,08:31:23,codeSP53,-1,30.45,25-Feb-22,
25-02-2022,08:31:23,codeSP54,-1,33.2,25-Feb-22,
25-02-2022,08:31:23,codeSP55,-0.99,36.3,25-Feb-22,
25-02-2022,08:31:23,codeSP56,-0.99,38.95,25-Feb-22,
25-02-2022,08:31:23,codeSP57,-1,42.4,25-Feb-22,
25-02-2022,08:31:23,codeSP58,-0.99,46,25-Feb-22,
25-02-2022,08:31:23,codeSP59,-0.99,49.65,25-Feb-22,
25-02-2022,08:31:23,codeSP60,-0.99,53.85,25-Feb-22,
25-02-2022,08:31:23,codeSP61,-0.99,56.6,25-Feb-22,
25-02-2022,08:31:23,codeSP62,-1,61.45,25-Feb-22,
25-02-2022,08:31:23,codeSP63,-0.99,65.35,25-Feb-22,
25-02-2022,08:31:23,codeSP64,-1,69.15,25-Feb-22,
25-02-2022,08:31:23,codeSP65,-1,73.5,25-Feb-22,
25-02-2022,08:31:23,codeSP66,-0.99,77.1,25-Feb-22,
25-02-2022,08:31:23,codeSP67,-0.99,82.05,25-Feb-22,
25-02-2022,08:31:23,codeSP68,-0.99,86.6,25-Feb-22,
25-02-2022,08:31:23,codeSP69,-0.99,91.5,25-Feb-22,
25-02-2022,08:31:23,codeSP70,-0.99,95.95,25-Feb-22,
25-02-2022,08:31:23,codeSP71,-0.99,100.3,25-Feb-22,
25-02-2022,08:31:23,codeSP72,-1,105.15,25-Feb-22,
25-02-2022,08:31:23,codeSP73,-0.99,110.4,25-Feb-22,
25-02-2022,08:31:24,codeSP74,-0.99,115,25-Feb-22,
25-02-2022,08:31:24,codeSC90,0.96,360.4,28-Feb-22,
25-02-2022,08:31:24,codeSC91,0.95,356.55,28-Feb-22,
25-02-2022,08:31:24,codeSC92,0.95,352.15,28-Feb-22,
25-02-2022,08:31:24,codeSC93,0.96,345.4,28-Feb-22,
25-02-2022,08:31:24,codeSC94,0.95,342.35,28-Feb-22,
25-02-2022,08:31:24,codeSC95,0.96,335.65,28-Feb-22,
25-02-2022,08:31:24,codeSC96,0.94,332.95,28-Feb-22,
25-02-2022,08:31:24,codeSC97,0.96,325.95,28-Feb-22,
25-02-2022,08:31:24,codeSC98,0.95,321,28-Feb-22,
25-02-2022,08:31:24,codeSC99,0.94,318,28-Feb-22,
25-02-2022,08:31:24,codeSC100,0.95,311.15,28-Feb-22,
25-02-2022,08:31:24,codeSC101,0.94,307.7,28-Feb-22,
25-02-2022,08:31:24,codeSC102,0.94,302.5,28-Feb-22,
25-02-2022,08:31:24,codeSC103,0.96,296.1,28-Feb-22,
25-02-2022,08:31:24,codeSC104,0.94,292.8,28-Feb-22,
25-02-2022,08:31:24,codeSC105,0.95,286.45,28-Feb-22,
25-02-2022,08:31:24,codeSC106,0.94,282.85,28-Feb-22,
25-02-2022,08:31:24,codeSC107,0.94,277.5,28-Feb-22,
25-02-2022,08:31:24,codeSC108,0.94,273.25,28-Feb-22,
25-02-2022,08:31:24,codeSC109,0.94,268.3,28-Feb-22,
25-02-2022,08:31:24,codeSC110,0.94,262.95,28-Feb-22,
25-02-2022,08:31:24,codeSC111,0.93,258.5,28-Feb-22,
25-02-2022,08:31:24,codeSC112,0.93,253.6,28-Feb-22,
25-02-2022,08:31:24,codeSC113,0.95,247,28-Feb-22,
25-02-2022,08:31:24,codeSC114,0.93,243.65,28-Feb-22,
25-02-2022,08:31:24,codeSC115,0.94,237.5,28-Feb-22,
25-02-2022,08:31:24,codeSC116,0.94,232.6,28-Feb-22,
25-02-2022,08:31:24,codeSC117,0.93,228.85,28-Feb-22,
25-02-2022,08:31:24,codeSC118,0.93,222.95,28-Feb-22,
25-02-2022,08:31:24,codeSC119,0.92,219.4,28-Feb-22,
25-02-2022,08:31:24,codeSC120,0.92,214.15,28-Feb-22,
25-02-2022,08:31:24,codeSC121,0.91,210.55,28-Feb-22,
25-02-2022,08:31:24,codeSC122,0.93,203.4,28-Feb-22,
25-02-2022,08:31:24,codeSC123,0.91,199.45,28-Feb-22,
25-02-2022,08:31:24,codeSC124,0.92,193.85,28-Feb-22,
25-02-2022,08:31:24,codeSC125,0.91,190.1,28-Feb-22,
25-02-2022,08:31:24,codeSC126,0.89,186.45,28-Feb-22,
25-02-2022,08:31:24,codeSC127,0.91,179.9,28-Feb-22,
25-02-2022,08:31:24,codeSC128,0.89,176.65,28-02-2022,
25-02-2022,08:31:24,codeSC129,0.89,170.6,28-02-2022,
25-02-2022,08:31:24,codeSC130,0.88,166.65,28-02-2022,
25-02-2022,08:31:24,codeSC131,0.89,161.1,28-02-2022,
25-02-2022,08:31:24,codeSC132,0.87,157.75,28-02-2022,
25-02-2022,08:31:24,codeSC133,0.86,153.2,28-02-2022,
25-02-2022,08:31:24,codeSC134,0.87,147.35,28-02-2022,
25-02-2022,08:31:24,codeSC135,0.86,142.85,28-02-2022,
25-02-2022,08:31:24,codeSC136,0.85,138.8,28-02-2022,
25-02-2022,08:31:24,codeSC137,0.84,133.9,28-02-2022,
25-02-2022,08:31:24,codeSC138,0.84,129.3,28-02-2022,
25-02-2022,08:31:24,codeSC139,0.84,123.45,28-02-2022,
25-02-2022,08:31:24,codeSC140,0.83,119.15,28-02-2022,
25-02-2022,08:31:24,codeSC141,0.81,116.6,28-02-2022,
25-02-2022,08:31:24,codeSC142,0.8,112.4,28-02-2022,
25-02-2022,08:31:24,codeSC143,0.79,107.25,28-02-2022,
25-02-2022,08:31:24,codeSC144,0.78,103.9,28-02-2022,
25-02-2022,08:31:24,codeSC145,0.77,98.6,28-02-2022,
25-02-2022,08:31:25,codeSC146,0.75,96.95,28-02-2022,
25-02-2022,08:31:25,codeSC147,0.75,90.4,28-02-2022,
25-02-2022,08:31:25,codeSC148,0.73,87.7,28-02-2022,
25-02-2022,08:31:25,codeSC149,0.71,84.35,28-02-2022,
25-02-2022,08:31:25,codeSC150,0.7,80.45,28-02-2022,
25-02-2022,08:31:25,codeSC151,0.69,74.8,28-02-2022,
25-02-2022,08:31:25,codeSC152,0.67,71.85,28-02-2022,
25-02-2022,08:31:25,codeSC153,0.66,67.6,28-02-2022,
25-02-2022,08:31:25,codeSC154,0.64,64.15,28-02-2022,
25-02-2022,08:31:25,codeSC155,0.63,61.1,28-02-2022,
25-02-2022,08:31:25,codeSC156,0.61,57.55,28-02-2022,
25-02-2022,08:31:25,codeSC157,0.59,54.45,28-02-2022,
25-02-2022,08:31:25,codeSC158,0.57,51.2,28-02-2022,
25-02-2022,08:31:25,codeSC159,0.55,48,28-02-2022,
25-02-2022,08:31:25,codeSC160,0.54,45.2,28-02-2022,
25-02-2022,08:31:25,codeSC161,0.52,42.3,28-02-2022,
25-02-2022,08:31:25,codeSC162,0.5,39.5,28-02-2022,
25-02-2022,08:31:25,codeSC163,0.48,36.75,28-02-2022,
25-02-2022,08:31:25,codeSC164,0.46,34.3,28-02-2022,
25-02-2022,08:31:25,codeSC165,0.44,31.85,28-02-2022,
25-02-2022,08:31:25,codeSC166,0.42,29.45,28-02-2022,
25-02-2022,08:31:25,codeSC167,0.4,27.3,28-02-2022,
25-02-2022,08:31:25,codeSC168,0.38,25,28-02-2022,
25-02-2022,08:31:25,codeSC169,0.36,23.25,28-02-2022,
25-02-2022,08:31:25,codeSC170,0.34,21.3,28-02-2022,
25-02-2022,08:31:25,codeSC171,0.32,19.2,28-02-2022,
25-02-2022,08:31:25,codeSC172,0.3,17.5,28-02-2022,
25-02-2022,08:31:25,codeSC173,0.28,16.15,28-02-2022,
25-02-2022,08:31:25,codeSC174,0.26,14.55,28-02-2022,
25-02-2022,08:31:25,codeSC175,0.24,13.15,28-02-2022,
25-02-2022,08:31:25,codeSC176,0.22,11.85,28-02-2022,
25-02-2022,08:31:25,codeSC177,0.21,10.75,28-02-2022,
25-02-2022,08:31:25,codeSC178,0.19,9.8,28-02-2022,
25-02-2022,08:31:25,codeSC179,0.18,8.55,28-02-2022,
25-02-2022,08:31:25,codeSC180,0.16,7.55,28-02-2022,
25-02-2022,08:31:25,codeSC181,0.14,6.55,28-02-2022,
25-02-2022,08:31:25,codeSC182,0.13,6,28-02-2022,
25-02-2022,08:31:25,codeSC183,0.12,5.15,28-02-2022,
25-02-2022,08:31:25,codeSC184,0.11,4.7,28-02-2022,
25-02-2022,08:31:25,codeSC185,0.1,4,28-02-2022,
25-02-2022,08:31:25,codeSC186,0.09,3.45,28-02-2022,
25-02-2022,08:31:25,codeSC187,0.08,2.975,28-02-2022,
25-02-2022,08:31:25,codeSC188,0.07,2.75,28-02-2022,
25-02-2022,08:31:25,codeSC189,0.06,2.275,28-02-2022,
25-02-2022,08:31:25,codeSC190,0.06,2.025,28-02-2022,
25-02-2022,08:31:25,codeSC191,0.05,1.625,28-02-2022,
25-02-2022,08:31:25,codeSC192,0.04,1.525,28-02-2022,
25-02-2022,08:31:25,codeSC193,0.04,1.275,28-02-2022,
25-02-2022,08:31:25,codeSC194,0.03,1.075,28-02-2022,
25-02-2022,08:31:25,codeSC195,0.03,0.975,28-02-2022,
25-02-2022,08:31:25,codeSC196,0.02,0.8,28-02-2022,
25-02-2022,08:31:25,codeSC197,0.02,0.7,28-02-2022,
25-02-2022,08:31:25,codeSC198,0.02,0.6,28-02-2022,
25-02-2022,08:31:25,codeSC199,0.02,0.5,28-02-2022,
25-02-2022,08:31:25,codeSC200,0.01,0.4,28-02-2022,
25-02-2022,08:31:25,codeSC201,0.01,0.35,28-02-2022,
25-02-2022,08:31:25,codeSC202,0.01,0.275,28-02-2022,
25-02-2022,08:31:26,codeSC203,0.01,0.225,28-02-2022,
25-02-2022,08:31:26,codeSP90,-0.01,0.725,28-02-2022,
25-02-2022,08:31:26,codeSP91,-0.01,0.775,28-02-2022,
25-02-2022,08:31:26,codeSP92,-0.01,0.8,28-02-2022,
25-02-2022,08:31:26,codeSP93,-0.01,0.825,28-02-2022,
25-02-2022,08:31:26,codeSP94,-0.01,0.875,28-02-2022,
25-02-2022,08:31:26,codeSP95,-0.02,0.925,28-02-2022,
25-02-2022,08:31:26,codeSP96,-0.02,0.925,28-02-2022,
25-02-2022,08:31:26,codeSP97,-0.02,1.025,28-02-2022,
25-02-2022,08:31:26,codeSP98,-0.02,1.025,28-02-2022,
25-02-2022,08:31:26,codeSP99,-0.02,1.1,28-02-2022,
25-02-2022,08:31:26,codeSP100,-0.02,1.125,28-02-2022,
25-02-2022,08:31:26,codeSP101,-0.02,1.2,28-02-2022,
25-02-2022,08:31:26,codeSP102,-0.02,1.275,28-02-2022,
25-02-2022,08:31:26,codeSP103,-0.02,1.35,28-02-2022,
25-02-2022,08:31:26,codeSP104,-0.02,1.4,28-02-2022,
25-02-2022,08:31:26,codeSP105,-0.03,1.475,28-02-2022,
25-02-2022,08:31:26,codeSP106,-0.03,1.5,28-02-2022,
25-02-2022,08:31:26,codeSP107,-0.03,1.625,28-02-2022,
25-02-2022,08:31:26,codeSP108,-0.03,1.7,28-02-2022,
25-02-2022,08:31:26,codeSP109,-0.03,1.8,28-02-2022,
25-02-2022,08:31:26,codeSP110,-0.03,1.85,28-02-2022,
25-02-2022,08:31:26,codeSP111,-0.04,2.05,28-02-2022,
25-02-2022,08:31:26,codeSP112,-0.04,2.075,28-02-2022,
25-02-2022,08:31:26,codeSP113,-0.04,2.25,28-02-2022,
25-02-2022,08:31:26,codeSP114,-0.04,2.3,28-02-2022,
25-02-2022,08:31:26,codeSP115,-0.04,2.45,28-02-2022,
25-02-2022,08:31:26,codeSP116,-0.04,2.6,28-02-2022,
25-02-2022,08:31:26,codeSP117,-0.05,2.825,28-02-2022,
25-02-2022,08:31:26,codeSP118,-0.05,2.975,28-02-2022,
25-02-2022,08:31:26,codeSP119,-0.05,3.2,28-02-2022,
25-02-2022,08:31:26,codeSP120,-0.06,3.3,28-02-2022,
25-02-2022,08:31:26,codeSP121,-0.06,3.6,28-02-2022,
25-02-2022,08:31:26,codeSP122,-0.06,3.8,28-02-2022,
25-02-2022,08:31:26,codeSP123,-0.07,4.1,28-02-2022,
25-02-2022,08:31:26,codeSP124,-0.07,4.25,28-02-2022,
25-02-2022,08:31:26,codeSP125,-0.08,4.6,28-02-2022,
25-02-2022,08:31:26,codeSP126,-0.08,4.9,28-02-2022,
25-02-2022,08:31:26,codeSP127,-0.09,5.25,28-02-2022,
25-02-2022,08:31:26,codeSP128,-0.09,5.55,28-02-2022,
25-02-2022,08:31:26,codeSP129,-0.1,5.85,28-02-2022,
25-02-2022,08:31:26,codeSP130,-0.1,6.25,28-02-2022,
25-02-2022,08:31:26,codeSP131,-0.1,6.35,28-02-2022,
25-02-2022,08:31:26,codeSP132,-0.11,7.05,28-02-2022,
25-02-2022,08:31:26,codeSP133,-0.12,7.3,28-02-2022,
25-02-2022,08:31:26,codeSP134,-0.13,7.75,28-02-2022,
25-02-2022,08:31:26,codeSP135,-0.13,8.25,28-02-2022,
25-02-2022,08:31:26,codeSP136,-0.14,9.05,28-02-2022,
25-02-2022,08:31:26,codeSP137,-0.15,9.5,28-02-2022,
25-02-2022,08:31:26,codeSP138,-0.16,10.2,28-02-2022,
25-02-2022,08:31:26,codeSP139,-0.17,10.75,28-02-2022,
25-02-2022,08:31:26,codeSP140,-0.17,11.25,28-02-2022,
25-02-2022,08:31:26,codeSP141,-0.19,12.1,28-02-2022,
25-02-2022,08:31:26,codeSP142,-0.19,12.7,28-02-2022,
25-02-2022,08:31:26,codeSP143,-0.2,13.4,28-02-2022,
25-02-2022,08:31:26,codeSP144,-0.22,14.6,28-02-2022,
25-02-2022,08:31:26,codeSP145,-0.23,15.5,28-02-2022,
25-02-2022,08:31:26,codeSP146,-0.24,16.3,28-02-2022,
25-02-2022,08:31:26,codeSP147,-0.25,17.55,28-02-2022,
25-02-2022,08:31:26,codeSP148,-0.27,18.55,28-02-2022,
25-02-2022,08:31:26,codeSP149,-0.28,19.75,28-02-2022,
25-02-2022,08:31:26,codeSP150,-0.3,20.95,28-02-2022,
25-02-2022,08:31:27,codeSP151,-0.31,21.75,28-02-2022,
25-02-2022,08:31:27,codeSP152,-0.33,23.6,28-02-2022,
25-02-2022,08:31:27,codeSP153,-0.34,25.05,28-02-2022,
25-02-2022,08:31:27,codeSP154,-0.36,26.55,28-02-2022,
25-02-2022,08:31:27,codeSP155,-0.37,28.15,28-02-2022,
25-02-2022,08:31:27,codeSP156,-0.39,29.75,28-02-2022,
25-02-2022,08:31:27,codeSP157,-0.41,31.6,28-02-2022,
25-02-2022,08:31:27,codeSP158,-0.43,33.45,28-02-2022,
25-02-2022,08:31:27,codeSP159,-0.45,35.3,28-02-2022,
25-02-2022,08:31:27,codeSP160,-0.47,37.3,28-02-2022,
25-02-2022,08:31:27,codeSP161,-0.48,39.45,28-02-2022,
25-02-2022,08:31:27,codeSP162,-0.5,41.75,28-02-2022,
25-02-2022,08:31:27,codeSP163,-0.52,43.9,28-02-2022,
25-02-2022,08:31:27,codeSP164,-0.54,46.35,28-02-2022,
25-02-2022,08:31:27,codeSP165,-0.56,48.85,28-02-2022,
25-02-2022,08:31:27,codeSP166,-0.58,51.6,28-02-2022,
25-02-2022,08:31:27,codeSP167,-0.61,54.35,28-02-2022,
25-02-2022,08:31:27,codeSP168,-0.63,57.25,28-02-2022,
25-02-2022,08:31:27,codeSP169,-0.65,59.65,28-02-2022,
25-02-2022,08:31:27,codeSP170,-0.67,63.1,28-02-2022,
25-02-2022,08:31:27,codeSP171,-0.69,65.55,28-02-2022,
25-02-2022,08:31:27,codeSP172,-0.71,69.5,28-02-2022,
25-02-2022,08:31:27,codeSP173,-0.73,72.8,28-02-2022,
25-02-2022,08:31:27,codeSP174,-0.76,74.5,28-02-2022,
25-02-2022,08:31:27,codeSP175,-0.78,78,28-02-2022,
25-02-2022,08:31:27,codeSP176,-0.8,81.6,28-02-2022,
25-02-2022,08:31:27,codeSP177,-0.82,85.3,28-02-2022,
25-02-2022,08:31:27,codeSP178,-0.83,89.9,28-02-2022,
25-02-2022,08:31:27,codeSP179,-0.85,93.45,28-02-2022,
25-02-2022,08:31:27,codeSP180,-0.87,97.6,28-02-2022,
25-02-2022,08:31:27,codeSP181,-0.88,101.9,28-02-2022,
25-02-2022,08:31:27,codeSP182,-0.88,107.25,28-02-2022,
25-02-2022,08:31:27,codeSP183,-0.91,110.6,28-02-2022,
25-02-2022,08:31:27,codeSP184,-0.92,115.2,28-02-2022,
25-02-2022,08:31:27,codeSP185,-0.92,120.3,28-02-2022,
25-02-2022,08:31:27,codeSP186,-0.92,125.15,28-02-2022,
25-02-2022,08:31:27,codeSP187,-0.98,127.7,28-02-2022,
25-02-2022,08:31:27,codeSP188,-1,132.3,28-02-2022,
25-02-2022,08:31:27,codeSP189,-1,136.7,28-02-2022,
25-02-2022,08:31:27,codeSP190,-1,141.65,28-02-2022,
25-02-2022,08:31:27,codeSP191,-1,145.2,28-02-2022,
25-02-2022,08:31:27,codeSP192,-1,151.15,28-02-2022,
25-02-2022,08:31:27,codeSP193,-0.99,157.5,28-02-2022,
25-02-2022,08:31:27,codeSP194,-1,160.55,28-02-2022,
25-02-2022,08:31:27,codeSP195,-1,166,28-02-2022,
25-02-2022,08:31:27,codeSP196,-1,172.05,28-02-2022,
25-02-2022,08:31:27,codeSP197,-1,176.8,28-02-2022,
25-02-2022,08:31:27,codeSP198,-1,181.65,28-02-2022,
25-02-2022,08:31:27,codeSP199,-1,183.8,28-02-2022,
25-02-2022,08:31:27,codeSP200,-1,191.5,28-02-2022,
25-02-2022,08:31:27,codeSP201,-1,195.15,28-02-2022,
25-02-2022,08:31:27,codeSP202,-1,199,28-02-2022,
25-02-2022,08:31:27,codeSP203,-1,204.8,28-02-2022,
25-02-2022,08:31:35,codeSC12,1,194.7,25-02-2022,
25-02-2022,08:31:35,codeSC13,1,189.7,25-02-2022,
25-02-2022,08:31:35,codeSC14,1,184.8,25-02-2022,
25-02-2022,08:31:35,codeSC15,1,179.8,25-02-2022,
25-02-2022,08:31:35,codeSC16,1,174.9,25-02-2022,
25-02-2022,08:31:35,codeSC17,1,169.75,25-02-2022,
25-02-2022,08:31:35,codeSC18,1,165.35,25-02-2022,
25-02-2022,08:31:35,codeSC19,1,160.2,25-02-2022,
25-02-2022,08:31:35,codeSC20,1,155.3,25-02-2022,
25-02-2022,08:31:35,codeSC21,1,150.1,25-02-2022,
25-02-2022,08:31:35,codeSC22,1,145.3,25-02-2022,
25-02-2022,08:31:35,codeSC23,1,140.15,25-02-2022,
25-02-2022,08:31:35,codeSC24,1,135.6,25-02-2022,
25-02-2022,08:31:35,codeSC25,1,130.8,25-02-2022,
25-02-2022,08:31:35,codeSC26,1,125.9,25-02-2022,
25-02-2022,08:31:35,codeSC27,0.94,121.45,25-02-2022,
25-02-2022,08:31:35,codeSC28,0.91,117,25-02-2022,
25-02-2022,08:31:35,codeSC29,0.92,111.8,25-02-2022,
25-02-2022,08:31:35,codeSC30,0.9,107.15,25-02-2022,
25-02-2022,08:31:35,codeSC31,0.87,103,25-02-2022,
25-02-2022,08:31:35,codeSC32,0.86,98.35,25-02-2022,
25-02-2022,08:31:35,codeSC33,0.86,93.25,25-02-2022,
25-02-2022,08:31:35,codeSC34,0.84,88.7,25-02-2022,
25-02-2022,08:31:35,codeSC35,0.82,84.25,25-02-2022,
25-02-2022,08:31:35,codeSC36,0.8,80.2,25-02-2022,
25-02-2022,08:31:35,codeSC37,0.79,75.7,25-02-2022,
25-02-2022,08:31:35,codeSC38,0.77,71.05,25-02-2022,
25-02-2022,08:31:35,codeSC39,0.75,66.8,25-02-2022,
25-02-2022,08:31:35,codeSC40,0.73,62.6,25-02-2022,
25-02-2022,08:31:35,codeSC41,0.71,58.35,25-02-2022,
25-02-2022,08:31:35,codeSC42,0.69,54.45,25-02-2022,
25-02-2022,08:31:36,codeSC43,0.66,50.65,25-02-2022,
25-02-2022,08:31:36,codeSC44,0.64,47,25-02-2022,
25-02-2022,08:31:36,codeSC45,0.61,43.25,25-02-2022,
25-02-2022,08:31:36,codeSC46,0.59,39.45,25-02-2022,
25-02-2022,08:31:36,codeSC47,0.56,36.8,25-02-2022,
25-02-2022,08:31:36,codeSC48,0.53,33.05,25-02-2022,
25-02-2022,08:31:36,codeSC49,0.5,30.15,25-02-2022,
25-02-2022,08:31:36,codeSC50,0.47,26.8,25-02-2022,
25-02-2022,08:31:36,codeSC51,0.44,24.45,25-02-2022,
25-02-2022,08:31:36,codeSC52,0.41,21.55,25-02-2022,
25-02-2022,08:31:36,codeSC53,0.38,19.45,25-02-2022,
25-02-2022,08:31:36,codeSC54,0.35,17.05,25-02-2022,
25-02-2022,08:31:36,codeSC55,0.33,15.4,25-02-2022,
25-02-2022,08:31:36,codeSC56,0.3,13.2,25-02-2022,
25-02-2022,08:31:36,codeSC57,0.27,11.55,25-02-2022,
25-02-2022,08:31:36,codeSC58,0.25,10.35,25-02-2022,
25-02-2022,08:31:36,codeSC59,0.22,8.65,25-02-2022,
25-02-2022,08:31:36,codeSC60,0.19,7.4,25-02-2022,
25-02-2022,08:31:36,codeSC61,0.17,6.3,25-02-2022,
25-02-2022,08:31:36,codeSC62,0.15,5.3,25-02-2022,
25-02-2022,08:31:36,codeSC63,0.13,4.4,25-02-2022,
25-02-2022,08:31:36,codeSC64,0.11,3.65,25-02-2022,
25-02-2022,08:31:36,codeSC65,0.1,2.975,25-02-2022,
25-02-2022,08:31:36,codeSC66,0.08,2.425,25-02-2022,
25-02-2022,08:31:36,codeSC67,0.07,2,25-02-2022,
25-02-2022,08:31:36,codeSC68,0.06,1.55,25-02-2022,
25-02-2022,08:31:36,codeSC69,0.05,1.2,25-02-2022,
25-02-2022,08:31:36,codeSC70,0.04,0.925,25-02-2022,
25-02-2022,08:31:36,codeSC71,0.03,0.675,25-02-2022,
25-02-2022,08:31:36,codeSC72,0.02,0.55,25-02-2022,
25-02-2022,08:31:36,codeSC73,0.02,0.4,25-02-2022,
25-02-2022,08:31:36,codeSC74,0.01,0.325,25-02-2022,
25-02-2022,08:31:36,codeSP12,-0.01,0.325,25-02-2022,
25-02-2022,08:31:36,codeSP13,-0.01,0.35,25-02-2022,
25-02-2022,08:31:36,codeSP14,-0.01,0.35,25-02-2022,
25-02-2022,08:31:36,codeSP15,-0.02,0.45,25-02-2022,
25-02-2022,08:31:36,codeSP16,-0.02,0.475,25-02-2022,
25-02-2022,08:31:36,codeSP17,-0.02,0.525,25-02-2022,
25-02-2022,08:31:36,codeSP18,-0.02,0.6,25-02-2022,
25-02-2022,08:31:36,codeSP19,-0.03,0.7,25-02-2022,
25-02-2022,08:31:36,codeSP20,-0.03,0.8,25-02-2022,
25-02-2022,08:31:36,codeSP21,-0.03,0.925,25-02-2022,
25-02-2022,08:31:36,codeSP22,-0.04,1.05,25-02-2022,
25-02-2022,08:31:36,codeSP23,-0.04,1.225,25-02-2022,
25-02-2022,08:31:36,codeSP24,-0.05,1.325,25-02-2022,
25-02-2022,08:31:36,codeSP25,-0.05,1.525,25-02-2022,
25-02-2022,08:31:36,codeSP26,-0.06,1.725,25-02-2022,
25-02-2022,08:31:36,codeSP27,-0.07,2,25-02-2022,
25-02-2022,08:31:36,codeSP28,-0.08,2.25,25-02-2022,
25-02-2022,08:31:36,codeSP29,-0.09,2.575,25-02-2022,
25-02-2022,08:31:36,codeSP30,-0.09,2.875,25-02-2022,
25-02-2022,08:31:36,codeSP31,-0.11,3.25,25-02-2022,
25-02-2022,08:31:36,codeSP32,-0.12,3.65,25-02-2022,
25-02-2022,08:31:36,codeSP33,-0.13,4.05,25-02-2022,
25-02-2022,08:31:37,codeSP34,-0.14,4.55,25-02-2022,
25-02-2022,08:31:37,codeSP35,-0.16,5.05,25-02-2022,
25-02-2022,08:31:37,codeSP36,-0.18,5.6,25-02-2022,
25-02-2022,08:31:37,codeSP37,-0.2,6.2,25-02-2022,
25-02-2022,08:31:37,codeSP38,-0.22,6.9,25-02-2022,
25-02-2022,08:31:37,codeSP39,-0.24,7.65,25-02-2022,
25-02-2022,08:31:37,codeSP40,-0.26,8.5,25-02-2022,
25-02-2022,08:31:37,codeSP41,-0.29,9.2,25-02-2022,
25-02-2022,08:31:37,codeSP42,-0.32,10.35,25-02-2022,
25-02-2022,08:31:37,codeSP43,-0.35,11.2,25-02-2022,
25-02-2022,08:31:37,codeSP44,-0.39,12.75,25-02-2022,
25-02-2022,08:31:37,codeSP45,-0.42,13.7,25-02-2022,
25-02-2022,08:31:37,codeSP46,-0.47,15.4,25-02-2022,
25-02-2022,08:31:37,codeSP47,-0.52,16.7,25-02-2022,
25-02-2022,08:31:37,codeSP48,-0.57,18.7,25-02-2022,
25-02-2022,08:31:37,codeSP49,-0.63,20.65,25-02-2022,
25-02-2022,08:31:37,codeSP50,-0.72,22.15,25-02-2022,
25-02-2022,08:31:37,codeSP51,-0.83,24.25,25-02-2022,
25-02-2022,08:31:37,codeSP52,-1,26.7,25-02-2022,
25-02-2022,08:31:37,codeSP53,-0.99,29.45,25-02-2022,
25-02-2022,08:31:37,codeSP54,-1,32.95,25-02-2022,
25-02-2022,08:31:37,codeSP55,-1,35.25,25-02-2022,
25-02-2022,08:31:37,codeSP56,-1,39,25-02-2022,
25-02-2022,08:31:37,codeSP57,-0.99,42.2,25-02-2022,
25-02-2022,08:31:37,codeSP58,-0.99,46.05,25-02-2022,
25-02-2022,08:31:37,codeSP59,-0.99,49,25-02-2022,
25-02-2022,08:31:37,codeSP60,-1,53.2,25-02-2022,
25-02-2022,08:31:37,codeSP61,-0.99,57,25-02-2022,
25-02-2022,08:31:37,codeSP62,-0.99,61.05,25-02-2022,
25-02-2022,08:31:37,codeSP63,-0.99,65.2,25-02-2022,
25-02-2022,08:31:37,codeSP64,-1,69.35,25-02-2022,
25-02-2022,08:31:37,codeSP65,-1,73.7,25-02-2022,
25-02-2022,08:31:37,codeSP66,-1,78.1,25-02-2022,
25-02-2022,08:31:37,codeSP67,-0.99,82.6,25-02-2022,
25-02-2022,08:31:37,codeSP68,-1,87.3,25-02-2022,
25-02-2022,08:31:37,codeSP69,-1,91.95,25-02-2022,
25-02-2022,08:31:37,codeSP70,-0.99,96.65,25-02-2022,
25-02-2022,08:31:37,codeSP71,-0.99,101.2,25-02-2022,
25-02-2022,08:31:37,codeSP72,-1,105.8,25-02-2022,
25-02-2022,08:31:37,codeSP73,-1,111.05,25-02-2022,
25-02-2022,08:31:37,codeSP74,-0.99,116.1,25-02-2022,
25-02-2022,08:31:37,codeSC90,1,358.85,28-02-2022,
25-02-2022,08:31:37,codeSC91,1,354.6,28-02-2022,
25-02-2022,08:31:37,codeSC92,1,349.6,28-02-2022,
25-02-2022,08:31:37,codeSC93,1,344.5,28-02-2022,
25-02-2022,08:31:37,codeSC94,1,339.7,28-02-2022,
25-02-2022,08:31:37,codeSC95,1,334.75,28-02-2022,
25-02-2022,08:31:37,codeSC96,1,329.8,28-02-2022,
25-02-2022,08:31:37,codeSC97,1,324.85,28-02-2022,
25-02-2022,08:31:38,codeSC98,1,319.9,28-02-2022,
25-02-2022,08:31:38,codeSC99,1,314.95,28-02-2022,
25-02-2022,08:31:38,codeSC100,1,310,28-02-2022,
25-02-2022,08:31:38,codeSC101,1,304.8,28-02-2022,
25-02-2022,08:31:38,codeSC102,1,299.9,28-02-2022,
25-02-2022,08:31:38,codeSC103,1,294.95,28-02-2022,
25-02-2022,08:31:38,codeSC104,1,290.3,28-02-2022,
25-02-2022,08:31:38,codeSC105,1,285.3,28-02-2022,
25-02-2022,08:31:38,codeSC106,1,280.1,28-02-2022,
25-02-2022,08:31:38,codeSC107,1,275.5,28-02-2022,
25-02-2022,08:31:38,codeSC108,1,270.6,28-02-2022,
25-02-2022,08:31:38,codeSC109,1,265.7,28-02-2022,
25-02-2022,08:31:38,codeSC110,1,260.8,28-02-2022,
25-02-2022,08:31:38,codeSC111,1,255.9,28-02-2022,
25-02-2022,08:31:38,codeSC112,1,251,28-02-2022,
25-02-2022,08:31:38,codeSC113,1,246.1,28-02-2022,
25-02-2022,08:31:38,codeSC114,0.96,241.25,28-02-2022,
25-02-2022,08:31:38,codeSC115,0.96,236.4,28-02-2022,
25-02-2022,08:31:38,codeSC116,0.96,231.5,28-02-2022,
25-02-2022,08:31:38,codeSC117,0.96,226.7,28-02-2022,
25-02-2022,08:31:38,codeSC118,0.96,221.85,28-02-2022,
25-02-2022,08:31:38,codeSC119,0.96,217,28-02-2022,
25-02-2022,08:31:38,codeSC120,0.95,212.2,28-02-2022,
25-02-2022,08:31:38,codeSC121,0.95,207.4,28-02-2022,
25-02-2022,08:31:38,codeSC122,0.96,201.9,28-02-2022,
25-02-2022,08:31:38,codeSC123,0.96,196.9,28-02-2022,
25-02-2022,08:31:38,codeSC124,0.94,193.05,28-02-2022,
25-02-2022,08:31:38,codeSC125,0.95,187.55,28-02-2022,
25-02-2022,08:31:38,codeSC126,0.94,182.95,28-02-2022,
25-02-2022,08:31:38,codeSC127,0.94,178.05,28-02-2022,
25-02-2022,08:31:38,codeSC128,0.93,173.55,28-02-2022,
25-02-2022,08:31:38,codeSC129,0.93,168.8,28-02-2022,
25-02-2022,08:31:38,codeSC130,0.92,164.25,28-02-2022,
25-02-2022,08:31:38,codeSC131,0.91,159.65,28-02-2022,
25-02-2022,08:31:38,codeSC132,0.91,155.05,28-02-2022,
25-02-2022,08:31:38,codeSC133,0.91,149.8,28-02-2022,
25-02-2022,08:31:38,codeSC134,0.9,145.25,28-02-2022,
25-02-2022,08:31:38,codeSC135,0.89,140.75,28-02-2022,
25-02-2022,08:31:38,codeSC136,0.88,136.2,28-02-2022,
25-02-2022,08:31:38,codeSC137,0.87,131.85,28-02-2022,
25-02-2022,08:31:38,codeSC138,0.85,128.6,28-02-2022,
25-02-2022,08:31:38,codeSC139,0.84,124.25,28-02-2022,
25-02-2022,08:31:38,codeSC140,0.83,119.9,28-02-2022,
25-02-2022,08:31:38,codeSC141,0.84,114.3,28-02-2022,
25-02-2022,08:31:39,codeSC142,0.81,111.35,28-02-2022,
25-02-2022,08:31:39,codeSC143,0.81,106.7,28-02-2022,
25-02-2022,08:31:39,codeSC144,0.79,102.6,28-02-2022,
25-02-2022,08:31:39,codeSC145,0.78,98.6,28-02-2022,
25-02-2022,08:31:39,codeSC146,0.77,94.8,28-02-2022,
25-02-2022,08:31:39,codeSC147,0.75,90.85,28-02-2022,
25-02-2022,08:31:39,codeSC148,0.74,86.85,28-02-2022,
25-02-2022,08:31:39,codeSC149,0.73,83.15,28-02-2022,
25-02-2022,08:31:39,codeSC150,0.72,78.15,28-02-2022,
25-02-2022,08:31:39,codeSC151,0.69,76.2,28-02-2022,
25-02-2022,08:31:39,codeSC152,0.68,72.1,28-02-2022,
25-02-2022,08:31:39,codeSC153,0.66,68.6,28-02-2022,
25-02-2022,08:31:39,codeSC154,0.65,64.65,28-02-2022,
25-02-2022,08:31:39,codeSC155,0.63,62.05,28-02-2022,
25-02-2022,08:31:39,codeSC156,0.61,58.25,28-02-2022,
25-02-2022,08:31:39,codeSC157,0.6,54.65,28-02-2022,
25-02-2022,08:31:39,codeSC158,0.58,51.4,28-02-2022,
25-02-2022,08:31:39,codeSC159,0.56,48.25,28-02-2022,
25-02-2022,08:31:39,codeSC160,0.54,46,28-02-2022,
25-02-2022,08:31:39,codeSC161,0.52,43.05,28-02-2022,
25-02-2022,08:31:39,codeSC162,0.5,40.5,28-02-2022,
25-02-2022,08:31:39,codeSC163,0.48,37.45,28-02-2022,
25-02-2022,08:31:39,codeSC164,0.46,34.5,28-02-2022,
25-02-2022,08:31:39,codeSC165,0.44,31.9,28-02-2022,
25-02-2022,08:31:39,codeSC166,0.42,29.75,28-02-2022,
25-02-2022,08:31:39,codeSC167,0.4,28,28-02-2022,
25-02-2022,08:31:39,codeSC168,0.38,25.4,28-02-2022,
25-02-2022,08:31:39,codeSC169,0.36,23.3,28-02-2022,
25-02-2022,08:31:39,codeSC170,0.34,21.4,28-02-2022,
25-02-2022,08:31:39,codeSC171,0.32,19.55,28-02-2022,
25-02-2022,08:31:39,codeSC172,0.3,17.8,28-02-2022,
25-02-2022,08:31:39,codeSC173,0.28,16.2,28-02-2022,
25-02-2022,08:31:39,codeSC174,0.26,14.8,28-02-2022,
25-02-2022,08:31:39,codeSC175,0.24,13.3,28-02-2022,
25-02-2022,08:31:39,codeSC176,0.23,12,28-02-2022,
25-02-2022,08:31:39,codeSC177,0.21,10.85,28-02-2022,
25-02-2022,08:31:39,codeSC178,0.19,9.55,28-02-2022,
25-02-2022,08:31:39,codeSC179,0.18,8.5,28-02-2022,
25-02-2022,08:31:39,codeSC180,0.16,7.55,28-02-2022,
25-02-2022,08:31:40,codeSC181,0.15,6.65,28-02-2022,
25-02-2022,08:31:40,codeSC182,0.13,5.9,28-02-2022,
25-02-2022,08:31:40,codeSC183,0.12,5.1,28-02-2022,
25-02-2022,08:31:40,codeSC184,0.11,4.5,28-02-2022,
25-02-2022,08:31:40,codeSC185,0.1,4,28-02-2022,
25-02-2022,08:31:40,codeSC186,0.09,3.45,28-02-2022,
25-02-2022,08:31:40,codeSC187,0.08,3.025,28-02-2022,
25-02-2022,08:31:40,codeSC188,0.07,2.575,28-02-2022,
25-02-2022,08:31:40,codeSC189,0.06,2.25,28-02-2022,
25-02-2022,08:31:40,codeSC190,0.05,1.925,28-02-2022,
25-02-2022,08:31:40,codeSC191,0.05,1.7,28-02-2022,
25-02-2022,08:31:40,codeSC192,0.04,1.45,28-02-2022,
25-02-2022,08:31:40,codeSC193,0.04,1.25,28-02-2022,
25-02-2022,08:31:40,codeSC194,0.03,1.075,28-02-2022,
25-02-2022,08:31:40,codeSC195,0.03,0.925,28-02-2022,
25-02-2022,08:31:40,codeSC196,0.02,0.775,28-02-2022,
25-02-2022,08:31:40,codeSC197,0.02,0.675,28-02-2022,
25-02-2022,08:31:40,codeSC198,0.02,0.575,28-02-2022,
25-02-2022,08:31:40,codeSC199,0.02,0.475,28-02-2022,
25-02-2022,08:31:40,codeSC200,0.01,0.425,28-02-2022,
25-02-2022,08:31:40,codeSC201,0.01,0.325,28-02-2022,
25-02-2022,08:31:40,codeSC202,0.01,0.275,28-02-2022,
25-02-2022,08:31:40,codeSC203,0.01,0.225,28-02-2022,
25-02-2022,08:31:40,codeSP90,-0.01,0.725,28-02-2022,
25-02-2022,08:31:40,codeSP91,-0.01,0.775,28-02-2022,
25-02-2022,08:31:40,codeSP92,-0.01,0.825,28-02-2022,
25-02-2022,08:31:40,codeSP93,-0.01,0.825,28-02-2022,
25-02-2022,08:31:40,codeSP94,-0.01,0.875,28-02-2022,
25-02-2022,08:31:40,codeSP95,-0.02,0.925,28-02-2022,
25-02-2022,08:31:40,codeSP96,-0.02,0.975,28-02-2022,
25-02-2022,08:31:40,codeSP97,-0.02,1.025,28-02-2022,
25-02-2022,08:31:40,codeSP98,-0.02,1.075,28-02-2022,
25-02-2022,08:31:40,codeSP99,-0.02,1.125,28-02-2022,
25-02-2022,08:31:40,codeSP100,-0.02,1.175,28-02-2022,
25-02-2022,08:31:41,codeSP101,-0.02,1.225,28-02-2022,
25-02-2022,08:31:41,codeSP102,-0.02,1.275,28-02-2022,
25-02-2022,08:31:41,codeSP103,-0.02,1.375,28-02-2022,
25-02-2022,08:31:41,codeSP104,-0.02,1.4,28-02-2022,
25-02-2022,08:31:41,codeSP105,-0.03,1.5,28-02-2022,
25-02-2022,08:31:41,codeSP106,-0.03,1.55,28-02-2022,
25-02-2022,08:31:41,codeSP107,-0.03,1.625,28-02-2022,
25-02-2022,08:31:41,codeSP108,-0.03,1.7,28-02-2022,
25-02-2022,08:31:41,codeSP109,-0.03,1.8,28-02-2022,
25-02-2022,08:31:41,codeSP110,-0.03,1.9,28-02-2022,
25-02-2022,08:31:41,codeSP111,-0.03,2,28-02-2022,
25-02-2022,08:31:41,codeSP112,-0.04,2.15,28-02-2022,
25-02-2022,08:31:41,codeSP113,-0.04,2.25,28-02-2022,
25-02-2022,08:31:41,codeSP114,-0.04,2.375,28-02-2022,
25-02-2022,08:31:41,codeSP115,-0.04,2.5,28-02-2022,
25-02-2022,08:31:41,codeSP116,-0.05,2.65,28-02-2022,
25-02-2022,08:31:41,codeSP117,-0.05,2.8,28-02-2022,
25-02-2022,08:31:41,codeSP118,-0.05,2.975,28-02-2022,
25-02-2022,08:31:41,codeSP119,-0.05,3.2,28-02-2022,
25-02-2022,08:31:41,codeSP120,-0.06,3.35,28-02-2022,
25-02-2022,08:31:41,codeSP121,-0.06,3.55,28-02-2022,
25-02-2022,08:31:41,codeSP122,-0.06,3.85,28-02-2022,
25-02-2022,08:31:41,codeSP123,-0.07,4.05,28-02-2022,
25-02-2022,08:31:41,codeSP124,-0.07,4.25,28-02-2022,
25-02-2022,08:31:41,codeSP125,-0.07,4.45,28-02-2022,
25-02-2022,08:31:41,codeSP126,-0.08,4.8,28-02-2022,
25-02-2022,08:31:41,codeSP127,-0.08,5.1,28-02-2022,
25-02-2022,08:31:41,codeSP128,-0.09,5.4,28-02-2022,
25-02-2022,08:31:41,codeSP129,-0.09,5.75,28-02-2022,
25-02-2022,08:31:41,codeSP130,-0.1,6.2,28-02-2022,
25-02-2022,08:31:41,codeSP131,-0.11,6.5,28-02-2022,
25-02-2022,08:31:41,codeSP132,-0.11,6.95,28-02-2022,
25-02-2022,08:31:41,codeSP133,-0.12,7.3,28-02-2022,
25-02-2022,08:31:42,codeSP134,-0.13,7.85,28-02-2022,
25-02-2022,08:31:42,codeSP135,-0.13,8.35,28-02-2022,
25-02-2022,08:31:42,codeSP136,-0.14,8.9,28-02-2022,
25-02-2022,08:31:42,codeSP137,-0.15,9.3,28-02-2022,
25-02-2022,08:31:42,codeSP138,-0.16,9.95,28-02-2022,
25-02-2022,08:31:42,codeSP139,-0.17,10.65,28-02-2022,
25-02-2022,08:31:42,codeSP140,-0.17,11.35,28-02-2022,
25-02-2022,08:31:42,codeSP141,-0.18,11.85,28-02-2022,
25-02-2022,08:31:42,codeSP142,-0.19,12.7,28-02-2022,
25-02-2022,08:31:42,codeSP143,-0.2,13.55,28-02-2022,
25-02-2022,08:31:42,codeSP144,-0.21,14.3,28-02-2022,
25-02-2022,08:31:42,codeSP145,-0.23,15.05,28-02-2022,
25-02-2022,08:31:42,codeSP146,-0.24,16.35,28-02-2022,
25-02-2022,08:31:42,codeSP147,-0.25,17.3,28-02-2022,
25-02-2022,08:31:42,codeSP148,-0.26,18.15,28-02-2022,
25-02-2022,08:31:42,codeSP149,-0.28,19.3,28-02-2022,
25-02-2022,08:31:42,codeSP150,-0.29,20.5,28-02-2022,
25-02-2022,08:31:42,codeSP151,-0.31,21.9,28-02-2022,
25-02-2022,08:31:42,codeSP152,-0.32,23,28-02-2022,
25-02-2022,08:31:42,codeSP153,-0.34,24.3,28-02-2022,
25-02-2022,08:31:42,codeSP154,-0.35,26.35,28-02-2022,
25-02-2022,08:31:42,codeSP155,-0.37,28.7,28-02-2022,
25-02-2022,08:31:42,codeSP156,-0.39,28.95,28-02-2022,
25-02-2022,08:31:42,codeSP157,-0.41,30.8,28-02-2022,
25-02-2022,08:31:42,codeSP158,-0.42,33,28-02-2022,
25-02-2022,08:31:42,codeSP159,-0.44,35.05,28-02-2022,
25-02-2022,08:31:42,codeSP160,-0.46,36.5,28-02-2022,
25-02-2022,08:31:42,codeSP161,-0.48,39.15,28-02-2022,
25-02-2022,08:31:42,codeSP162,-0.5,40.65,28-02-2022,
25-02-2022,08:31:42,codeSP163,-0.52,43.75,28-02-2022,
25-02-2022,08:31:42,codeSP164,-0.54,45.4,28-02-2022,
25-02-2022,08:31:43,codeSP165,-0.56,47.9,28-02-2022,
25-02-2022,08:31:43,codeSP166,-0.58,50.5,28-02-2022,
25-02-2022,08:31:43,codeSP167,-0.6,54.1,28-02-2022,
25-02-2022,08:31:43,codeSP168,-0.62,56.55,28-02-2022,
25-02-2022,08:31:43,codeSP169,-0.64,59.55,28-02-2022,
25-02-2022,08:31:43,codeSP170,-0.66,62.6,28-02-2022,
25-02-2022,08:31:43,codeSP171,-0.68,65.75,28-02-2022,
25-02-2022,08:31:43,codeSP172,-0.7,69,28-02-2022,
25-02-2022,08:31:43,codeSP173,-0.72,72.4,28-02-2022,
25-02-2022,08:31:43,codeSP174,-0.74,75.95,28-02-2022,
25-02-2022,08:31:43,codeSP175,-0.76,79.75,28-02-2022,
25-02-2022,08:31:43,codeSP176,-0.78,83.1,28-02-2022,
25-02-2022,08:31:43,codeSP177,-0.78,88.1,28-02-2022,
25-02-2022,08:31:43,codeSP178,-0.81,90.8,28-02-2022,
25-02-2022,08:31:43,codeSP179,-0.83,94.7,28-02-2022,
25-02-2022,08:31:43,codeSP180,-0.84,98.75,28-02-2022,
25-02-2022,08:31:43,codeSP181,-0.86,102.85,28-02-2022,
25-02-2022,08:31:43,codeSP182,-0.87,107,28-02-2022,
25-02-2022,08:31:43,codeSP183,-0.89,111.15,28-02-2022,
25-02-2022,08:31:43,codeSP184,-0.9,115.6,28-02-2022,
25-02-2022,08:31:43,codeSP185,-0.91,120,28-02-2022,
25-02-2022,08:31:43,codeSP186,-0.92,124.65,28-02-2022,
25-02-2022,08:31:43,codeSP187,-0.93,129.15,28-02-2022,
25-02-2022,08:31:43,codeSP188,-0.94,133.6,28-02-2022,
25-02-2022,08:31:43,codeSP189,-0.94,138.4,28-02-2022,
25-02-2022,08:31:43,codeSP190,-0.95,143.1,28-02-2022,
25-02-2022,08:31:43,codeSP191,-0.96,147.55,28-02-2022,
25-02-2022,08:31:43,codeSP192,-0.96,152.6,28-02-2022,
25-02-2022,08:31:43,codeSP193,-0.96,157.7,28-02-2022,
25-02-2022,08:31:43,codeSP194,-0.97,162.2,28-02-2022,
25-02-2022,08:31:43,codeSP195,-0.97,167.2,28-02-2022,
25-02-2022,08:31:43,codeSP196,-0.98,171.85,28-02-2022,
25-02-2022,08:31:43,codeSP197,-0.98,177,28-02-2022,
25-02-2022,08:31:43,codeSP198,-0.98,181.85,28-02-2022,
25-02-2022,08:31:43,codeSP199,-0.99,186.75,28-02-2022,
25-02-2022,08:31:43,codeSP200,-1,191.25,28-02-2022,
25-02-2022,08:31:44,codeSP201,-1,195.15,28-02-2022,
25-02-2022,08:31:44,codeSP202,-1,199,28-02-2022,
25-02-2022,08:31:44,codeSP203,-0.99,206.8,28-02-2022,
25-02-2022,08:31:50,codeSC12,1,194.9,25-02-2022,
25-02-2022,08:31:50,codeSC13,1,190,25-02-2022,
25-02-2022,08:31:50,codeSC14,1,185,25-02-2022,
25-02-2022,08:31:50,codeSC15,1,180.1,25-02-2022,
25-02-2022,08:31:50,codeSC16,1,175.15,25-02-2022,
25-02-2022,08:31:50,codeSC17,1,170.05,25-02-2022,
25-02-2022,08:31:50,codeSC18,1,166.2,25-02-2022,
25-02-2022,08:31:50,codeSC19,1,160.95,25-02-2022,
25-02-2022,08:31:50,codeSC20,1,156.05,25-02-2022,
25-02-2022,08:31:50,codeSC21,1,150.35,25-02-2022,
25-02-2022,08:31:50,codeSC22,1,145.55,25-02-2022,
25-02-2022,08:31:50,codeSC23,1,141.1,25-02-2022,
25-02-2022,08:31:50,codeSC24,1,135.9,25-02-2022,
25-02-2022,08:31:50,codeSC25,1,131,25-02-2022,
25-02-2022,08:31:50,codeSC26,1,125.85,25-02-2022,
25-02-2022,08:31:50,codeSC27,0.9,122.3,25-02-2022,
25-02-2022,08:31:50,codeSC28,0.9,117.3,25-02-2022,
25-02-2022,08:31:50,codeSC29,0.91,112,25-02-2022,
25-02-2022,08:31:50,codeSC30,0.89,107.4,25-02-2022,
25-02-2022,08:31:51,codeSC31,0.86,103.6,25-02-2022,
25-02-2022,08:31:51,codeSC32,0.84,99.05,25-02-2022,
25-02-2022,08:31:51,codeSC33,0.85,93.7,25-02-2022,
25-02-2022,08:31:51,codeSC34,0.84,88.95,25-02-2022,
25-02-2022,08:31:51,codeSC35,0.82,84.45,25-02-2022,
25-02-2022,08:31:51,codeSC36,0.8,80.4,25-02-2022,
25-02-2022,08:31:51,codeSC37,0.78,76.3,25-02-2022,
25-02-2022,08:31:51,codeSC38,0.77,70.9,25-02-2022,
25-02-2022,08:31:51,codeSC39,0.75,66.85,25-02-2022,
25-02-2022,08:31:51,codeSC40,0.73,62.75,25-02-2022,
25-02-2022,08:31:51,codeSC41,0.7,59.6,25-02-2022,
25-02-2022,08:31:51,codeSC42,0.68,55.2,25-02-2022,
25-02-2022,08:31:51,codeSC43,0.66,51.3,25-02-2022,
25-02-2022,08:31:51,codeSC44,0.64,47.55,25-02-2022,
25-02-2022,08:31:51,codeSC45,0.61,43.55,25-02-2022,
25-02-2022,08:31:51,codeSC46,0.59,40.2,25-02-2022,
25-02-2022,08:31:51,codeSC47,0.56,36.8,25-02-2022,
25-02-2022,08:31:51,codeSC48,0.53,33.1,25-02-2022,
25-02-2022,08:31:51,codeSC49,0.5,30.3,25-02-2022,
25-02-2022,08:31:51,codeSC50,0.47,27.3,25-02-2022,
25-02-2022,08:31:51,codeSC51,0.44,24.45,25-02-2022,
25-02-2022,08:31:51,codeSC52,0.41,21.8,25-02-2022,
25-02-2022,08:31:51,codeSC53,0.38,19.5,25-02-2022,
25-02-2022,08:31:51,codeSC54,0.35,17,25-02-2022,
25-02-2022,08:31:51,codeSC55,0.32,15.15,25-02-2022,
25-02-2022,08:31:51,codeSC56,0.3,13.35,25-02-2022,
25-02-2022,08:31:51,codeSC57,0.27,11.45,25-02-2022,
25-02-2022,08:31:51,codeSC58,0.24,10.1,25-02-2022,
25-02-2022,08:31:51,codeSC59,0.22,8.55,25-02-2022,
25-02-2022,08:31:51,codeSC60,0.19,7.4,25-02-2022,
25-02-2022,08:31:51,codeSC61,0.17,6.25,25-02-2022,
25-02-2022,08:31:51,codeSC62,0.15,5.25,25-02-2022,
25-02-2022,08:31:51,codeSC63,0.13,4.35,25-02-2022,
25-02-2022,08:31:51,codeSC64,0.11,3.65,25-02-2022,
25-02-2022,08:31:51,codeSC65,0.1,2.975,25-02-2022,
25-02-2022,08:31:51,codeSC66,0.08,2.375,25-02-2022,
25-02-2022,08:31:51,codeSC67,0.07,1.95,25-02-2022,
25-02-2022,08:31:51,codeSC68,0.06,1.575,25-02-2022,
25-02-2022,08:31:51,codeSC69,0.05,1.175,25-02-2022,
25-02-2022,08:31:51,codeSC70,0.04,0.9,25-02-2022,
25-02-2022,08:31:52,codeSC71,0.03,0.675,25-02-2022,
25-02-2022,08:31:52,codeSC72,0.02,0.525,25-02-2022,
25-02-2022,08:31:52,codeSC73,0.02,0.425,25-02-2022,
25-02-2022,08:31:52,codeSC74,0.01,0.3,25-02-2022,
25-02-2022,08:31:52,codeSP12,-0.01,0.3,25-02-2022,
25-02-2022,08:31:52,codeSP13,-0.01,0.325,25-02-2022,
25-02-2022,08:31:52,codeSP14,-0.01,0.35,25-02-2022,
25-02-2022,08:31:52,codeSP15,-0.02,0.425,25-02-2022,
25-02-2022,08:31:52,codeSP16,-0.02,0.45,25-02-2022,
25-02-2022,08:31:52,codeSP17,-0.02,0.5,25-02-2022,
25-02-2022,08:31:52,codeSP18,-0.02,0.575,25-02-2022,
25-02-2022,08:31:52,codeSP19,-0.02,0.675,25-02-2022,
25-02-2022,08:31:52,codeSP20,-0.03,0.75,25-02-2022,
25-02-2022,08:31:52,codeSP21,-0.03,0.85,25-02-2022,
25-02-2022,08:31:52,codeSP22,-0.04,1,25-02-2022,
25-02-2022,08:31:52,codeSP23,-0.04,1.1,25-02-2022,
25-02-2022,08:31:52,codeSP24,-0.05,1.275,25-02-2022,
25-02-2022,08:31:52,codeSP25,-0.05,1.45,25-02-2022,
25-02-2022,08:31:52,codeSP26,-0.06,1.65,25-02-2022,
25-02-2022,08:31:52,codeSP27,-0.07,1.975,25-02-2022,
25-02-2022,08:31:52,codeSP28,-0.07,2.2,25-02-2022,
25-02-2022,08:31:52,codeSP29,-0.08,2.425,25-02-2022,
25-02-2022,08:31:52,codeSP30,-0.09,2.8,25-02-2022,
25-02-2022,08:31:52,codeSP31,-0.1,3.15,25-02-2022,
25-02-2022,08:31:52,codeSP32,-0.11,3.45,25-02-2022,
25-02-2022,08:31:52,codeSP33,-0.13,3.95,25-02-2022,
25-02-2022,08:31:52,codeSP34,-0.14,4.4,25-02-2022,
25-02-2022,08:31:52,codeSP35,-0.16,4.8,25-02-2022,
25-02-2022,08:31:52,codeSP36,-0.18,5.5,25-02-2022,
25-02-2022,08:31:52,codeSP37,-0.19,6.05,25-02-2022,
25-02-2022,08:31:52,codeSP38,-0.21,6.75,25-02-2022,
25-02-2022,08:31:52,codeSP39,-0.24,7.45,25-02-2022,
25-02-2022,08:31:52,codeSP40,-0.26,8.3,25-02-2022,
25-02-2022,08:31:52,codeSP41,-0.29,9.05,25-02-2022,
25-02-2022,08:31:52,codeSP42,-0.31,9.9,25-02-2022,
25-02-2022,08:31:52,codeSP43,-0.35,11,25-02-2022,
25-02-2022,08:31:52,codeSP44,-0.38,12.2,25-02-2022,
25-02-2022,08:31:52,codeSP45,-0.42,13.45,25-02-2022,
25-02-2022,08:31:52,codeSP46,-0.47,14.8,25-02-2022,
25-02-2022,08:31:52,codeSP47,-0.52,16.4,25-02-2022,
25-02-2022,08:31:52,codeSP48,-0.58,17.95,25-02-2022,
25-02-2022,08:31:52,codeSP49,-0.64,19.8,25-02-2022,
25-02-2022,08:31:52,codeSP50,-0.72,21.9,25-02-2022,
25-02-2022,08:31:53,codeSP51,-0.83,24.1,25-02-2022,
25-02-2022,08:31:53,codeSP52,-1,26.45,25-02-2022,
25-02-2022,08:31:53,codeSP53,-0.99,29.1,25-02-2022,
25-02-2022,08:31:53,codeSP54,-0.99,31.85,25-02-2022,
25-02-2022,08:31:53,codeSP55,-0.99,34.85,25-02-2022,
25-02-2022,08:31:53,codeSP56,-0.99,37.85,25-02-2022,
25-02-2022,08:31:53,codeSP57,-1,41.4,25-02-2022,
25-02-2022,08:31:53,codeSP58,-0.99,44.55,25-02-2022,
25-02-2022,08:31:53,codeSP59,-1,48.05,25-02-2022,
25-02-2022,08:31:53,codeSP60,-1,51.9,25-02-2022,
25-02-2022,08:31:53,codeSP61,-1,56.6,25-02-2022,
25-02-2022,08:31:53,codeSP62,-0.99,60.9,25-02-2022,
25-02-2022,08:31:53,codeSP63,-0.99,65.1,25-02-2022,
25-02-2022,08:31:53,codeSP64,-1,68.45,25-02-2022,
25-02-2022,08:31:53,codeSP65,-1,73.7,25-02-2022,
25-02-2022,08:31:53,codeSP66,-1,77.7,25-02-2022,
25-02-2022,08:31:53,codeSP67,-0.99,82.1,25-02-2022,
25-02-2022,08:31:53,codeSP68,-1,86.9,25-02-2022,
25-02-2022,08:31:53,codeSP69,-0.99,91.25,25-02-2022,
25-02-2022,08:31:53,codeSP70,-1,95.75,25-02-2022,
25-02-2022,08:31:53,codeSP71,-0.99,100.4,25-02-2022,
25-02-2022,08:31:53,codeSP72,-0.99,104.75,25-02-2022,
25-02-2022,08:31:53,codeSP73,-0.99,110.45,25-02-2022,
25-02-2022,08:31:53,codeSP74,-0.99,115.6,25-02-2022,
25-02-2022,08:31:53,codeSC90,1,360.5,28-02-2022,
25-02-2022,08:31:53,codeSC91,1,354,28-02-2022,
25-02-2022,08:31:53,codeSC92,1,350.4,28-02-2022,
25-02-2022,08:31:53,codeSC93,1,344.4,28-02-2022,
25-02-2022,08:31:53,codeSC94,1,339.1,28-02-2022,
25-02-2022,08:31:53,codeSC95,1,334.5,28-02-2022,
25-02-2022,08:31:53,codeSC96,1,329.15,28-02-2022,
25-02-2022,08:31:53,codeSC97,1,324.6,28-02-2022,
25-02-2022,08:31:53,codeSC98,1,320.7,28-02-2022,
25-02-2022,08:31:53,codeSC99,1,315.7,28-02-2022,
25-02-2022,08:31:53,codeSC100,1,309.75,28-02-2022,
25-02-2022,08:31:53,codeSC101,1,304.45,28-02-2022,
25-02-2022,08:31:53,codeSC102,1,299.85,28-02-2022,
25-02-2022,08:31:53,codeSC103,1,294.55,28-02-2022,
25-02-2022,08:31:53,codeSC104,1,290.1,28-02-2022,
25-02-2022,08:31:53,codeSC105,1,286.1,28-02-2022,
25-02-2022,08:31:53,codeSC106,1,281.2,28-02-2022,
25-02-2022,08:31:54,codeSC107,1,275.4,28-02-2022,
25-02-2022,08:31:54,codeSC108,1,270.3,28-02-2022,
25-02-2022,08:31:54,codeSC109,1,265.4,28-02-2022,
25-02-2022,08:31:54,codeSC110,1,260.5,28-02-2022,
25-02-2022,08:31:54,codeSC111,1,255.6,28-02-2022,
25-02-2022,08:31:54,codeSC112,1,250.9,28-02-2022,
25-02-2022,08:31:54,codeSC113,0.96,246.9,28-02-2022,
25-02-2022,08:31:54,codeSC114,1,241.05,28-02-2022,
25-02-2022,08:31:54,codeSC115,1,236.05,28-02-2022,
25-02-2022,08:31:54,codeSC116,0.96,231.35,28-02-2022,
25-02-2022,08:31:54,codeSC117,0.96,226.5,28-02-2022,
25-02-2022,08:31:54,codeSC118,0.95,222.8,28-02-2022,
25-02-2022,08:31:54,codeSC119,0.96,216.7,28-02-2022,
25-02-2022,08:31:54,codeSC120,0.96,211.9,28-02-2022,
25-02-2022,08:31:54,codeSC121,0.94,208.15,28-02-2022,
25-02-2022,08:31:54,codeSC122,0.94,203.45,28-02-2022,
25-02-2022,08:31:54,codeSC123,0.95,197.55,28-02-2022,
25-02-2022,08:31:54,codeSC124,0.93,193.9,28-02-2022,
25-02-2022,08:31:54,codeSC125,0.93,189.05,28-02-2022,
25-02-2022,08:31:54,codeSC126,0.92,184.35,28-02-2022,
25-02-2022,08:31:54,codeSC127,0.92,179.8,28-02-2022,
25-02-2022,08:31:54,codeSC128,0.92,174.75,28-02-2022,
25-02-2022,08:31:54,codeSC129,0.91,170.45,28-02-2022,
25-02-2022,08:31:54,codeSC130,0.9,165.45,28-02-2022,
25-02-2022,08:31:54,codeSC131,0.9,160.65,28-02-2022,
25-02-2022,08:31:54,codeSC132,0.89,156.2,28-02-2022,
25-02-2022,08:31:54,codeSC133,0.88,152.4,28-02-2022,
25-02-2022,08:31:54,codeSC134,0.88,147.1,28-02-2022,
25-02-2022,08:31:54,codeSC135,0.87,143.3,28-02-2022,
25-02-2022,08:31:54,codeSC136,0.86,138.3,28-02-2022,
25-02-2022,08:31:54,codeSC137,0.86,133.65,28-02-2022,
25-02-2022,08:31:54,codeSC138,0.85,129.25,28-02-2022,
25-02-2022,08:31:54,codeSC139,0.84,124.85,28-02-2022,
25-02-2022,08:31:54,codeSC140,0.83,121,28-02-2022,
25-02-2022,08:31:54,codeSC141,0.82,116.35,28-02-2022,
25-02-2022,08:31:54,codeSC142,0.81,111.2,28-02-2022,
25-02-2022,08:31:54,codeSC143,0.8,107.95,28-02-2022,
25-02-2022,08:31:54,codeSC144,0.78,103.9,28-02-2022,
25-02-2022,08:31:54,codeSC145,0.77,99.6,28-02-2022,
25-02-2022,08:31:55,codeSC146,0.77,94.6,28-02-2022,
25-02-2022,08:31:55,codeSC147,0.76,90.55,28-02-2022,
25-02-2022,08:31:55,codeSC148,0.73,88,28-02-2022,
25-02-2022,08:31:55,codeSC149,0.73,82.85,28-02-2022,
25-02-2022,08:31:55,codeSC150,0.71,80,28-02-2022,
25-02-2022,08:31:55,codeSC151,0.69,76.05,28-02-2022,
25-02-2022,08:31:55,codeSC152,0.68,72.5,28-02-2022,
25-02-2022,08:31:55,codeSC153,0.66,68.9,28-02-2022,
25-02-2022,08:31:55,codeSC154,0.65,65.25,28-02-2022,
25-02-2022,08:31:55,codeSC155,0.63,61.8,28-02-2022,
25-02-2022,08:31:55,codeSC156,0.61,58.45,28-02-2022,
25-02-2022,08:31:55,codeSC157,0.59,55.2,28-02-2022,
25-02-2022,08:31:55,codeSC158,0.58,52.05,28-02-2022,
25-02-2022,08:31:55,codeSC159,0.56,48.95,28-02-2022,
25-02-2022,08:31:55,codeSC160,0.54,45.95,28-02-2022,
25-02-2022,08:31:55,codeSC161,0.52,43.05,28-02-2022,
25-02-2022,08:31:55,codeSC162,0.5,40.25,28-02-2022,
25-02-2022,08:31:55,codeSC163,0.48,37.5,28-02-2022,
25-02-2022,08:31:55,codeSC164,0.46,34.95,28-02-2022,
25-02-2022,08:31:55,codeSC165,0.44,32.55,28-02-2022,
25-02-2022,08:31:55,codeSC166,0.42,30.05,28-02-2022,
25-02-2022,08:31:55,codeSC167,0.4,27.75,28-02-2022,
25-02-2022,08:31:55,codeSC168,0.38,25.4,28-02-2022,
25-02-2022,08:31:55,codeSC169,0.36,23.35,28-02-2022,
25-02-2022,08:31:55,codeSC170,0.34,21.4,28-02-2022,
25-02-2022,08:31:55,codeSC171,0.32,19.55,28-02-2022,
25-02-2022,08:31:55,codeSC172,0.3,17.85,28-02-2022,
25-02-2022,08:31:55,codeSC173,0.28,16.15,28-02-2022,
25-02-2022,08:31:55,codeSC174,0.26,14.9,28-02-2022,
25-02-2022,08:31:55,codeSC175,0.24,13.45,28-02-2022,
25-02-2022,08:31:55,codeSC176,0.23,12.1,28-02-2022,
25-02-2022,08:31:55,codeSC177,0.21,10.8,28-02-2022,
25-02-2022,08:31:55,codeSC178,0.19,9.5,28-02-2022,
25-02-2022,08:31:55,codeSC179,0.18,8.5,28-02-2022,
25-02-2022,08:31:55,codeSC180,0.16,7.5,28-02-2022,
25-02-2022,08:31:55,codeSC181,0.15,6.65,28-02-2022,
25-02-2022,08:31:55,codeSC182,0.13,5.85,28-02-2022,
25-02-2022,08:31:55,codeSC183,0.12,5.1,28-02-2022,
25-02-2022,08:31:55,codeSC184,0.11,4.55,28-02-2022,
25-02-2022,08:31:55,codeSC185,0.1,3.95,28-02-2022,
25-02-2022,08:31:56,codeSC186,0.09,3.5,28-02-2022,
25-02-2022,08:31:56,codeSC187,0.08,3.05,28-02-2022,
25-02-2022,08:31:56,codeSC188,0.07,2.6,28-02-2022,
25-02-2022,08:31:56,codeSC189,0.06,2.2,28-02-2022,
25-02-2022,08:31:56,codeSC190,0.05,1.925,28-02-2022,
25-02-2022,08:31:56,codeSC191,0.05,1.725,28-02-2022,
25-02-2022,08:31:56,codeSC192,0.04,1.45,28-02-2022,
25-02-2022,08:31:56,codeSC193,0.04,1.25,28-02-2022,
25-02-2022,08:31:56,codeSC194,0.03,1.075,28-02-2022,
25-02-2022,08:31:56,codeSC195,0.03,0.925,28-02-2022,
25-02-2022,08:31:56,codeSC196,0.02,0.8,28-02-2022,
25-02-2022,08:31:56,codeSC197,0.02,0.675,28-02-2022,
25-02-2022,08:31:56,codeSC198,0.02,0.575,28-02-2022,
25-02-2022,08:31:56,codeSC199,0.02,0.475,28-02-2022,
25-02-2022,08:31:56,codeSC200,0.01,0.425,28-02-2022,
25-02-2022,08:31:56,codeSC201,0.01,0.325,28-02-2022,
25-02-2022,08:31:56,codeSC202,0.01,0.275,28-02-2022,
25-02-2022,08:31:56,codeSC203,0.01,0.225,28-02-2022,
25-02-2022,08:31:56,codeSP90,-0.01,0.725,28-02-2022,
25-02-2022,08:31:56,codeSP91,-0.01,0.775,28-02-2022,
25-02-2022,08:31:56,codeSP92,-0.01,0.825,28-02-2022,
25-02-2022,08:31:56,codeSP93,-0.01,0.825,28-02-2022,
25-02-2022,08:31:56,codeSP94,-0.01,0.875,28-02-2022,
25-02-2022,08:31:56,codeSP95,-0.02,0.925,28-02-2022,
25-02-2022,08:31:56,codeSP96,-0.02,0.975,28-02-2022,
25-02-2022,08:31:56,codeSP97,-0.02,1,28-02-2022,
25-02-2022,08:31:56,codeSP98,-0.02,1.025,28-02-2022,
25-02-2022,08:31:56,codeSP99,-0.02,1.075,28-02-2022,
25-02-2022,08:31:56,codeSP100,-0.02,1.15,28-02-2022,
25-02-2022,08:31:56,codeSP101,-0.02,1.225,28-02-2022,
25-02-2022,08:31:56,codeSP102,-0.02,1.275,28-02-2022,
25-02-2022,08:31:56,codeSP103,-0.02,1.325,28-02-2022,
25-02-2022,08:31:56,codeSP104,-0.02,1.375,28-02-2022,
25-02-2022,08:31:56,codeSP105,-0.02,1.425,28-02-2022,
25-02-2022,08:31:56,codeSP106,-0.03,1.525,28-02-2022,
25-02-2022,08:31:57,codeSP107,-0.03,1.6,28-02-2022,
25-02-2022,08:31:57,codeSP108,-0.03,1.675,28-02-2022,
25-02-2022,08:31:57,codeSP109,-0.03,1.775,28-02-2022,
25-02-2022,08:31:57,codeSP110,-0.03,1.85,28-02-2022,
25-02-2022,08:31:57,codeSP111,-0.03,1.975,28-02-2022,
25-02-2022,08:31:57,codeSP112,-0.04,2.05,28-02-2022,
25-02-2022,08:31:57,codeSP113,-0.04,2.225,28-02-2022,
25-02-2022,08:31:57,codeSP114,-0.04,2.3,28-02-2022,
25-02-2022,08:31:57,codeSP115,-0.04,2.45,28-02-2022,
25-02-2022,08:31:57,codeSP116,-0.04,2.575,28-02-2022,
25-02-2022,08:31:57,codeSP117,-0.05,2.75,28-02-2022,
25-02-2022,08:31:57,codeSP118,-0.05,2.95,28-02-2022,
25-02-2022,08:31:57,codeSP119,-0.05,3.075,28-02-2022,
25-02-2022,08:31:57,codeSP120,-0.06,3.25,28-02-2022,
25-02-2022,08:31:57,codeSP121,-0.06,3.45,28-02-2022,
25-02-2022,08:31:57,codeSP122,-0.06,3.65,28-02-2022,
25-02-2022,08:31:57,codeSP123,-0.07,3.85,28-02-2022,
25-02-2022,08:31:57,codeSP124,-0.07,4.15,28-02-2022,
25-02-2022,08:31:57,codeSP125,-0.07,4.45,28-02-2022,
25-02-2022,08:31:57,codeSP126,-0.08,4.65,28-02-2022,
25-02-2022,08:31:57,codeSP127,-0.08,4.95,28-02-2022,
25-02-2022,08:31:57,codeSP128,-0.09,5.3,28-02-2022,
25-02-2022,08:31:57,codeSP129,-0.09,5.6,28-02-2022,
25-02-2022,08:31:57,codeSP130,-0.1,6,28-02-2022,
25-02-2022,08:31:57,codeSP131,-0.1,6.4,28-02-2022,
25-02-2022,08:31:57,codeSP132,-0.11,6.7,28-02-2022,
25-02-2022,08:31:57,codeSP133,-0.12,7.2,28-02-2022,
25-02-2022,08:31:57,codeSP134,-0.12,7.7,28-02-2022,
25-02-2022,08:31:57,codeSP135,-0.13,8.15,28-02-2022,
25-02-2022,08:31:57,codeSP136,-0.14,8.55,28-02-2022,
25-02-2022,08:31:58,codeSP137,-0.15,9.2,28-02-2022,
25-02-2022,08:31:58,codeSP138,-0.15,9.8,28-02-2022,
25-02-2022,08:31:58,codeSP139,-0.16,10.5,28-02-2022,
25-02-2022,08:31:58,codeSP140,-0.17,10.95,28-02-2022,
